CustomerID,Churn_Probability
4376-KFVRS,0.04623062324046072
2754-SDJRD,0.7483241178823558
9917-KWRBE,0.07239828337946418
0365-GXEZS,0.33691963243657763
9385-NXKDA,0.019386540715873635
4686-UXDML,0.6649283236924547
2227-JRSJX,0.4831355793701199
4830-FAXFM,0.11979299990018562
1830-IPXVJ,0.0023018521955256205
4690-LLKUA,0.347598193737463
5804-HYIEZ,0.24094905740033937
2388-LAESQ,0.07314445499247425
5533-RJFTJ,0.11370472068719348
4706-AXVKM,0.7490255903587583
0997-YTLNY,0.12939258262606051
7971-HLVXI,0.05246122888612881
7337-CINUD,0.033195227132216204
1379-FRVEB,0.5977262414152301
4753-PADAS,0.21441874854512566
5701-GUXDC,0.09908255375254348
7235-NXZCP,0.7644659785846727
0668-OGMHD,0.22102033926255377
2812-REYAT,0.01404819792764543
8779-YIQQA,0.037628321731799884
9701-CDXHR,0.20028495150076603
7130-CTCUS,0.2350546912203652
1894-IGFSG,0.5540844051556445
0871-URUWO,0.7588195746683641
0057-QBUQH,0.010232601936741774
9611-CTWIH,0.7577191755439279
8058-DMYRU,0.4147373129913213
5351-QESIO,0.47913824405144995
4302-ZYFEL,0.004089777538473855
6134-KWTBV,0.003022932880890133
2034-GDRCN,0.7684231183657341
9544-PYPSJ,0.3384049567426499
4208-UFFGW,0.4459244321657079
9537-JALFH,0.0013574522890244596
4415-IJZTP,0.7145241931305746
4701-MLJPN,0.1281304675461228
7515-LODFU,0.002245436598300173
4927-WWOOZ,0.7674194977634963
4067-HLYQI,0.3626750906228746
6184-DYUOB,0.2736962465406976
9209-NWPGU,0.027150322748140856
9851-KIELU,0.4697715930373759
3199-XGZCY,0.6624923956241761
4226-KKDON,0.3245468765777975
1085-LDWAM,0.004274723782954651
6825-UYPFK,0.44275494429226137
1767-CJKBA,0.003061248826540387
7181-BQYBV,0.6766976015280952
0178-CIIKR,0.2087376576654982
4256-ZWTZI,0.281940698487047
9537-VHDTA,0.25168617342736394
2754-XBHTB,0.6303401517673872
5975-BAICR,0.05686629303204073
3301-VKTGC,0.05043541497108734
2877-VDUER,0.0798909029226758
7717-BICXI,0.0025259338310910347
0562-FGDCR,0.005688661071516527
3705-PSNGL,0.017537856028186912
0048-LUMLS,0.23075899000511238
6497-TILVL,0.2145342381891238
2108-YKQTY,0.32110716486937146
3658-KIBGF,0.3213098548837877
5482-NUPNA,0.22246954209939235
7410-KTVFV,0.29570928256413537
9033-EOXWV,0.22294265293078244
8821-XNHVZ,0.6954306196215515
8224-KDLKN,0.0016188538506638646
4825-FUREZ,0.007755986884833573
7534-BFESC,0.5838876669947733
9138-EFSMO,0.21868801655452855
4227-OJHAL,0.02470635297692963
7279-NMVJC,0.050560442249796875
8591-TKMZH,0.06472742761821443
9283-LZQOH,0.5512451796511096
3594-IVHJZ,0.2754994543443727
1945-XISKS,0.0022495204048240194
4359-INNWN,0.05302972035836888
7649-SIJJF,0.010304405919324553
9254-RBFON,0.2630724706459005
0970-ETWGE,0.764464386728806
7762-ONLJY,0.08256571701896095
6710-HSJRD,0.39109168694997104
8873-GLDMH,0.6790369485037546
9907-SWKKF,0.6205305432019875
4658-HCOHW,0.4583152021600337
9330-VOFSZ,0.11120836869309894
2860-RANUS,0.6969898160919564
6234-PFPXL,0.3516461026366007
7205-BAIAD,0.01054341372910413
3858-VOBET,0.5221202580259665
5103-MHMHY,0.34811473045652774
6119-SPUDB,0.01221112468167233
9389-ACWBI,0.5039800193367922
3454-JFUBC,0.0032255399364442875
1768-ZAIFU,0.6798752545140452
7017-VFULY,0.20794455459112549
9221-OTIVJ,0.778114449635561
2482-CZGBB,0.5807029709992305
7018-WBJNK,0.5443285349704381
3331-HQDTW,0.49571349076634963
4695-VADHF,0.23247320677637276
4086-WITJG,0.0012346872244286288
6297-NOOPG,0.09113831394343813
8777-PVYGU,0.0465985167741214
4378-MYPGO,0.048442207438746415
9313-CDOGY,0.03115976449701651
4121-AGSIN,0.010179647609203207
0432-CAJZV,0.7054066975182705
9097-ZUBYC,0.17324135161672138
9638-JIQYA,0.5827846092553078
1024-GUALD,0.6290215067319624
8024-XNAFQ,0.04873472068922304
7587-RZNME,0.4192925517526432
1346-UFHAX,0.49946772762694586
6374-NTQLP,0.0408274638548781
6625-FLENO,0.003588825767283015
7375-WMVMT,0.04929588022676174
6910-HADCM,0.5980590164081862
7401-JIXNM,0.01706244756249233
7338-ERIVA,0.03636218148182971
5376-DEQCP,0.6693296664615584
0909-SELIE,0.013310039868903781
5419-KLXBN,0.4421028621963114
0365-TRTPY,0.23585929706279152
6712-OAWRH,0.6774770955375407
2428-ZMCTB,0.13904762671857293
1963-VAUKV,0.228530935059064
9381-NDKME,0.4889007394629056
3729-OWRVL,0.08881215982680382
0895-LMRSF,0.20793252263178322
2676-SSLTO,0.028183693671775215
8495-PRWFH,0.1624112897584184
9030-QGZNL,0.04562923106670281
9972-NKTFD,0.09452321924638911
7998-WNZEM,0.006625394519136731
0979-PHULV,0.3181165101535718
6445-TNRXS,0.04732408935234932
9586-JGQKH,0.0918349422770915
3966-HRMZA,0.6481990530014544
5498-IBWPI,0.012016321596797297
6823-SIDFQ,0.0280667766435641
2323-ARSVR,0.048223384009053676
5468-BPMMO,0.025912247255761696
0486-HECZI,0.27529811481703986
2178-PMGCJ,0.4705775206601108
4660-IRIBM,0.4177173713898029
9674-EHPPG,0.012905171644466305
5606-AMZBO,0.5292906965836468
0665-XHDJU,0.10501602827822999
5402-HTOTQ,0.26836903702280174
8258-GSTJK,0.7596135704916074
3787-TRIAL,0.32669402274413534
6175-IRFIT,0.6240889013375008
6317-YPKDH,0.48974994740915556
5692-FPTAH,0.47421699653088834
5373-SFODM,0.5812240884212911
0868-VJRDR,0.043948477799608775
4079-VTGLK,0.12537553925703981
1166-PQLGG,0.0012112839991558044
5296-BFCYD,0.007018370040139804
6568-POCUI,0.11970084644289886
2839-RFSQE,0.22034408617504006
2188-SXWVT,0.042174751762481304
8849-GYOKR,0.17169377929231458
3623-FQBOX,0.117866098072474
2649-HWLYB,0.009127779803662365
0599-XNYDO,0.49772310211221304
2514-GINMM,0.711814066543871
8401-EMUWF,0.11256903650468836
5766-ZJYBB,0.21793781403295834
2604-IJPDU,0.3640500065617961
2501-XWWTZ,0.4944102001932864
6370-ZVHDV,0.00384709040183077
3027-YNWZU,0.003378231971293814
4526-ZJJTM,0.4893015818229919
0440-QEXBZ,0.1464379211486434
0330-IVZHA,0.573956477470715
9758-MFWGD,0.04718058592141882
4229-CZMLL,0.6712650571658427
0742-MOABM,0.2756660171476737
4277-BWBML,0.0011302320925408401
5136-GFPMB,0.2880924557173527
7520-HQWJU,0.038602603845902216
6304-IJFSQ,0.40913466018986083
0297-RBCSG,0.11865972857006554
6013-BHCAW,0.025298064089602345
4402-FTBXC,0.17000857215375262
1471-GIQKQ,0.3592307633199926
4283-FUTGF,0.6232992027213152
9548-LERKT,0.020315637387135432
8059-UDZFY,0.5997867808493228
0410-IPFTY,0.45158567135903815
2478-EEWWM,0.16855001448453216
4619-EVPHY,0.5468076759059833
2277-DJJDL,0.4016671087647593
2911-WDXMV,0.4997113718772884
3639-XJHKQ,0.15723893943071812
8173-RXAYP,0.016541020295024952
4537-CIBHB,0.07262651861366938
5442-BXVND,0.050730116931986806
2308-STERM,0.21648721232300872
7159-NOKYQ,0.08050199563340689
6075-QMNRR,0.04946617335023059
3694-GLTJM,0.22607027483594772
9629-NHXFW,0.24760493559939725
7167-PCEYD,0.002730079505031477
2748-MYRVK,0.16488921867703737
4223-WOZCM,0.4409439464878385
6946-LMSQS,0.37737615777769357
5469-NUJUR,0.033019688692829216
6388-TABGU,0.009390036001850174
1261-FWTTE,0.45602501585463545
8590-YFFQO,0.0032946396999393793
0082-OQIQY,0.45748625274213073
9465-RWMXL,0.44883449578149315
2930-UOTMB,0.08516342732897782
9128-CPXKI,0.09125221666493481
0484-FFVBJ,0.15240355385131538
1100-DDVRV,0.5607249085761382
9313-QOLTZ,0.07227488221635014
3338-CVVEH,0.6879860015016301
1131-SUEKT,0.10627347457776896
7602-DBTOU,0.0018237420641014975
1385-TQOZW,0.19331240326728324
6892-XPFPU,0.7212116014881491
4115-NZRKS,0.7822906902355837
5514-YQENT,0.06963928507397743
6319-IEJWJ,0.6007612785316463
8849-AYPTR,0.4900862413966882
5893-PYOLZ,0.026152960367773263
7180-PISOG,0.6700550320625068
8443-ZRDBZ,0.6927446862930958
9079-YEXQJ,0.31858144402296773
3780-YVMFA,0.3695790481282008
6968-MHOMU,0.0918430540256947
0899-LIIBW,0.5665781854248041
3677-IYRBF,0.6656732596223455
8393-DLHGA,0.535414621563322
7691-XVTZH,0.07582504770551453
5360-LJCNJ,0.11282608071326305
3891-PUQOD,0.38595814326805755
0952-KMEEH,0.5718172171987127
4919-IKATY,0.5225617446329782
9746-UGFAC,0.04052988243444386
9108-EQPNQ,0.04100932850104268
0531-ZZJWQ,0.31759858343102465
8763-KIAFH,0.040411363051519884
5863-OOKCL,0.14995538978557127
2958-NHPPS,0.08059963450297734
9530-GRMJG,0.018625051017631095
1809-DMJHQ,0.30840116372374693
0164-XAIRP,0.023222912142097783
2926-JEJJC,0.10389095627772886
1169-WCVAK,0.32440569849713075
1217-VASWC,0.34666396632301016
2452-KDRRH,0.4509571655390085
6402-EJMWF,0.5019530392388079
7663-CUXZB,0.054356382550462184
4312-KFRXN,0.0023310333782384776
3011-WQKSZ,0.10103335622762895
9747-DDZOS,0.5609878854965602
2091-MJTFX,0.235861766022581
0388-EOPEX,0.558400327339764
3161-ONRWK,0.01068712136660288
2587-EKXTS,0.4375967885834762
9752-ZNQUT,0.42305649803918216
9572-WUKSB,0.48738208481536505
3836-FZSDJ,0.003004928955952294
8805-JNRAZ,0.3552134971388467
3069-SSVSN,0.3765138807126253
8015-IHCGW,0.050901708727306545
8132-YPVBX,0.6770269302140522
0235-KGSLC,0.7107183152751105
1302-UHBDD,0.6265573223608806
3722-WPXTK,0.7593263939932002
7531-GQHME,0.12831634985188684
1335-NTIUC,0.5028609716425633
9367-TCUYN,0.14129508878008645
1536-HBSWP,0.35373218582069943
8573-JGCZW,0.06492573377727942
2694-CIUMO,0.511951149677479
2027-FECZV,0.7339121514828884
9103-TCIHJ,0.29027374286877067
1545-JFUML,0.05000687057864821
0524-IAVZO,0.579671020776121
5519-TEEUH,0.0266009927520226
6654-QGBZZ,0.22645696879630348
2294-DMMUS,0.13023255209486964
0017-IUDMW,0.05076097383264109
5018-LXQQG,0.07817484149848142
5808-TOTXO,0.11162957145313532
1174-FGIFN,0.26839113890995747
0730-KOAVE,0.3972220956149504
1218-VKFPE,0.11932568127824879
5313-FPXWG,0.01561995558174854
2834-JKOOW,0.10071570087062277
9430-NKQLY,0.0023194839412138024
0363-QJVFX,0.3712568175092068
1658-TJVOA,0.5748649158070588
6685-GBWJZ,0.013569000465413032
6328-ZPBGN,0.7933572054014925
4003-FUSHP,0.24468977464727917
7690-KPNCU,0.03040444224018129
2969-WGHQO,0.12379815751935717
1855-CFULU,0.25017537216544716
9788-YTFGE,0.2181627161471578
8266-VBFQL,0.5909336568841832
2325-NBPZG,0.5355164299507139
9906-NHHVC,0.0405151541599692
2541-YGPKE,0.023895129029714735
5049-MUBWG,0.06851565525287504
2332-TODQS,0.014680424731587278
4419-UJMUS,0.06569662758763198
2233-TXSIU,0.1449385894758356
6770-XUAGN,0.2467289562635859
2919-HBCJO,0.6043202971382504
9508-ILZDG,0.48048140154463886
5442-BHQNG,0.5892522266662577
7250-EQKIY,0.35456222342477567
6838-HVLXG,0.1426870363249314
9767-FFLEM,0.3085887349071273
2245-ADZFJ,0.047054019428228365
1150-WFARN,0.048995982911803466
9054-FOWNV,0.5575913111468697
7997-EASSD,0.08480582233503574
7560-QJAVJ,0.007952766215910168
2668-TZSPS,0.22219134530143717
9139-WQQDY,0.23354428805955435
6726-NNFWD,0.05316929076781086
9330-DHBFL,0.05212521631781072
5727-MYATE,0.011762011003303744
2824-DXNKN,0.010757472378182307
6166-ILMNY,0.5654956714538247
5236-XMZJY,0.0559351096011908
1709-EJDOX,0.005077392382762443
4962-CHQPW,0.023721967624853228
0301-FIDRB,0.010025108879757081
1820-TQVEV,0.6554031060257267
9115-YQHGA,0.09239628422748689
1541-ETJZO,0.3465683970910849
6230-BSUXY,0.7718425284615287
6797-LNAQX,0.05739372786012032
9588-YRFHY,0.006562364526804694
1092-GANHU,0.5244513981159423
5951-AOFIH,0.21217079103834474
7029-RPUAV,0.7737270337813854
4700-UBQMV,0.16933143539902237
3594-UVONA,0.10254851341458897
7750-EYXWZ,0.25920920380628953
7054-ENNGU,0.31135129623429364
0402-OAMEN,0.0016448406690338622
2195-VVRJF,0.30629702920603896
8819-ZBYNA,0.07467272230260245
7748-UMTRK,0.5612395003076853
1741-WTPON,0.05598649387143155
7209-JCUDS,0.7141717314032415
2485-ITVKB,0.6810614299304547
9648-BCHKM,0.0362858452149278
0743-HRVFF,0.08123795105149932
2522-AHJXR,0.2520438487147574
9143-CANJF,0.07546165055668067
1444-VVSGW,0.08716717890227511
6898-MDLZW,0.22914050173256598
0074-HDKDG,0.0627066105437228
3982-JGSFD,0.026236416388888566
7928-VJYAB,0.6035279333749695
1522-VVDMG,0.49349614707257544
2665-NPTGL,0.7121375483675377
8728-SKJLR,0.22173577034541256
7733-UDMTP,0.22531398413254178
0431-APWVY,0.35429452463861266
5081-NWSUP,0.1434366044387084
2746-DIJLO,0.0803174656948596
7277-OZCGZ,0.3386388476502593
5236-PERKL,0.11548996144561328
2788-CJQAQ,0.06686437828482993
3096-WPXBT,0.10847260145808801
9962-BFPDU,0.19838564845044032
2892-GESUL,0.02218269158501205
9741-YLNTD,0.6037831613539775
1205-WNWPJ,0.36537746920752817
3173-NVMPX,0.3784503385242623
9661-MHUMO,0.3569696622614626
6000-APYLU,0.6600796142661678
0048-PIHNL,0.010471007653844271
9420-LOJKX,0.5361754355056967
7061-OVMIM,0.02218856919065533
5671-RQRLP,0.0644678002517864
5129-JLPIS,0.40598762007469064
5170-PTRKA,0.025123570394982017
4819-HJPIW,0.33584664410948173
8780-RSYYU,0.09306774052708837
2335-GSODA,0.029016492660160566
5696-CEIQJ,0.034654688064274096
6169-PPETC,0.008308596744984152
4237-RLAQD,0.4675210204876638
7359-WWYJV,0.0427664498046822
8620-RJPZN,0.22235131924448498
7426-WEIJX,0.18531740138569328
7629-WIXZF,0.20338491676310205
2616-FLVQC,0.0023452598403721574
9163-GHAYE,0.2282246840637547
4464-JCOLN,0.09741892864163468
2971-SGAFL,0.4168825089891766
4735-ASGMA,0.6488986576493684
5245-VDBUR,0.03395714313451033
1493-AMTIE,0.2523856639062149
1112-CUNAO,0.6529453615011945
7571-YXDAD,0.6334463328298644
8714-EUHJO,0.5095996657097464
9040-KZVWO,0.18802201550012165
6713-OKOMC,0.3298686551882108
8749-CLJXC,0.22056399360003556
4713-LZDRV,0.7703036091580936
6598-RFFVI,0.10389294430838242
7470-MCQTK,0.5987103577889842
5524-KHNJP,0.07092464453465007
1707-HABPF,0.2423809905177156
4581-LNWUM,0.5333209392132437
9710-ZUSHQ,0.5427125249500547
1697-LYYYX,0.004487615585741102
4013-GUXND,0.223622299184594
5022-JNQEQ,0.44916132198748493
4983-CCWMC,0.6480384391871649
6345-FZOQH,0.0019565190827217646
0962-CQPWQ,0.00209912210398942
5495-GPSRW,0.03144134094239467
2252-JHJGE,0.14358512999649672
7356-AYNJP,0.12527097630004005
2019-HDCZY,0.11536598409324367
8582-KRHPJ,0.07877702404401073
2867-UIMSS,0.6540502358068111
3487-EARAT,0.008805901296221545
9926-PJHDQ,0.02545820249643164
0289-IVARM,0.07765019257838067
4672-FOTSD,0.20535571712901468
6198-PNNSZ,0.16028516779795238
7603-USHJS,0.5439155778763884
6784-XYJAE,0.07993515615479814
3858-XHYJO,0.24422703376481733
1087-UDSIH,0.2611754757432911
7251-LJBQN,0.35286856822891866
3200-MNQTF,0.005306534301513777
9359-UGBTK,0.018204218925222844
8160-HOWOX,0.5469074870798271
0258-NOKBL,0.6042043803732533
2800-QQUSO,0.4521566406445686
2129-ALKBS,0.055408015208388534
9972-VAFJJ,0.1572086318720687
4693-VWVBO,0.20045479082259507
6969-MVBAI,0.7679823989249103
4821-WQOYN,0.001659776567487925
6769-DYBQN,0.2602137193016821
4018-PPNDW,0.004520773731114042
6288-CHQJB,0.007997954071036937
4905-JEFDW,0.3809405169281382
0559-CKHUS,0.021405417922874065
2659-VXMWZ,0.14820582678544808
6559-RAKOZ,0.20482017341357028
8809-XKHMD,0.03340122317593114
6365-HITVU,0.0076997635639604375
0134-XWXCE,0.07574683778912722
9720-JJJOR,0.032208083806319544
2782-LFZVW,0.48735176214597226
6112-KTHFQ,0.17295784902248196
9220-ZNKJI,0.05880168947488062
9820-RMCQV,0.18998281167188716
9013-AQORL,0.1084312424769371
2040-OBMLJ,0.16595650343726948
5574-NXZIU,0.03625708595429237
5446-DKWYW,0.06593046900152623
0480-KYJVA,0.0017461763309024874
1074-AMIOH,0.295617204010712
0015-UOCOJ,0.3432934176309598
0256-LTHVJ,0.4681665931410072
4547-LYTDD,0.5071319659950025
1077-HUUJM,0.5615015680483386
2041-JIJCI,0.5165359707074888
1555-HAPSU,0.0017718770978061627
4323-SADQS,0.2800167141263783
3292-PBZEJ,0.7066937000723116
6203-HBZPA,0.018989447211595012
9755-JHNMN,0.007700576757800032
7369-TRPFD,0.047528172520443945
9878-TNQGW,0.714232112234284
2279-AXJJK,0.2946342318891147
5016-IBERQ,0.4408869171569799
1016-DJTSV,0.6608635699655558
8433-WPJTV,0.17982814167751468
8903-XEBGX,0.45189976710048213
2632-TACXW,0.0033557556129755277
7952-OBOYL,0.6019132331770466
1470-PSXNM,0.19324535158817685
6227-HWPWX,0.37784543776134055
5924-SNGKP,0.017003133396504177
8818-DOPVL,0.5885475294505222
4521-WFJAI,0.00614973920420813
4724-WXVWF,0.23092051648659884
3717-OEAUQ,0.5917165823014451
8165-ZJRNM,0.0016042036669703414
7838-LAZFO,0.05276947390853797
0513-RBGPE,0.01672150851348333
7251-XFOIL,0.2670448143843055
2525-GVKQU,0.0030147130328118067
7579-OOPEC,0.42324807104914663
3795-GWTRD,0.005617454769092581
4750-ZRXIU,0.7987836446948539
5445-PZWGX,0.07386923855052256
0516-UXRMT,0.09405094475980696
0727-BNRLG,0.04664136613271633
3932-CMDTD,0.4597572914876833
1264-FUHCX,0.09595705582371242
6194-HBGQN,0.03810219124186764
4524-QCSSM,0.2475812387482609
4570-QHXHL,0.367153511548242
2972-YDYUW,0.10963269621005456
2061-VVFST,0.04046442124947978
6874-SGLHU,0.36860598141618167
9844-FELAJ,0.1593597514838203
1902-XBTFB,0.46382528237219395
9039-RBEEE,0.11043787651873753
9369-XFEHK,0.49342400855344254
3680-CTHUH,0.14449651266615784
3679-XASPY,0.18953284918631405
9089-UOWJG,0.35173539912187746
1574-DYCWE,0.004140797794123037
9779-DPNEJ,0.5182578816037365
2967-MXRAV,0.09997546232809996
0327-WFZSY,0.2842211025828964
1731-TVIUK,0.6230579815026587
7666-WKRON,0.0734058103738539
3865-ZYKAD,0.15615043173233262
1465-LNTLJ,0.4115511907002298
2696-RZVZW,0.0026166461709591212
0685-MLYYM,0.6583024978369382
2778-OCLGR,0.29053903987593843
3982-XWFZQ,0.1676497625769926
4759-PXTAN,0.06645843003147109
1448-PWKYE,0.6114854139958148
8741-LQOBK,0.05549975914909765
8650-RHRKE,0.5616720192167474
7266-GSSJX,0.15691048111670466
1265-HVPZB,0.020241187737791422
9640-ZSLDC,0.03832357975527296
0988-JRWWP,0.4993224199773765
1926-QUZNN,0.0029764424571879417
9025-ZRPVR,0.19702295644764406
6527-PZFPV,0.04138329681670338
7460-ITWWP,0.46344581411340513
1530-ZTDOZ,0.09593910061651333
4785-FCIFB,0.004109815946375568
9717-QEBGU,0.6511125104103591
0876-WDUUZ,0.5869839729105158
7881-EVUAD,0.5107538577443803
4002-BQWPQ,0.12850231935224504
6377-WHAOX,0.4550710289951327
5027-YOCXN,0.10574951279331474
8450-JOVAH,0.2987182741989277
6646-QVXLR,0.29914611772203226
0254-KCJGT,0.04150462385617697
3442-ZHHCC,0.029819445236820875
9167-APMXZ,0.592159655009885
0616-ATFGB,0.6170552842815081
7273-TEFQD,0.7099448673207502
8245-UMPYT,0.7923429958968266
6022-UGGSO,0.41963330730045467
6292-TOSSS,0.005861385323653691
5207-PLSTK,0.30589159527090426
3908-BLSYF,0.6086111527764968
4317-VTEOA,0.4262935893393197
0625-AFOHS,0.012950534699072503
4667-OHGKG,0.2729403451640515
2386-OWURY,0.2981952313778948
3780-DDGSE,0.21607364366881626
1047-RNXZV,0.007125630096194668
3926-YZVVX,0.03023735843927988
4742-TXUEX,0.0043515086879364374
8709-KRDVL,0.6038346350819891
0397-ZXWQF,0.001875342205541541
3910-MRQOY,0.0015438486542111536
2511-MORQY,0.033042280806687765
4039-PIMHX,0.021747319199212228
8083-YTZES,0.6808490967102309
1346-PJWTK,0.14096508551384293
3750-YHRYO,0.07832707243722932
1236-WFCDV,0.6734977227308847
5949-HGVJL,0.2550303374600698
9112-WSNPU,0.3526621710443507
1360-JYXKQ,0.2356092652248369
3585-ISXZP,0.7080685191015511
8380-PEFPE,0.6119879027499048
9402-ROUMJ,0.06688308978793332
4335-UPJSI,0.015735636526953662
6096-EGVTU,0.006036023472362378
8988-ECPJR,0.45039058848308816
7677-SJJJK,0.06755991759146371
5850-BDWCY,0.18509974987258213
2025-JKFWI,0.6577669594143364
8028-PNXHQ,0.003500423574015735
8397-MVTAZ,0.630819998460647
4445-ZJNMU,0.7348350763519681
3125-RAHBV,0.04041283217248029
6682-QJDGB,0.06711840304553668
8840-DQLGN,0.3752087821776766
6258-NGCNG,0.20322406059894882
5917-RYRMG,0.030919170997340612
7157-SMCFK,0.002140881729073393
0816-TSPHQ,0.21463363529898996
6766-HFKLA,0.0841005496444538
7067-KSAZT,0.319595878868116
5155-AZQPB,0.17911773302897344
6890-PFRQX,0.24715921125894058
3508-VLHCZ,0.012278168662087514
3649-JPUGY,0.021366336792949532
9248-OJYKK,0.7697606750259697
7239-HZZCX,0.21934909960435975
9860-LISIZ,0.049830532966368274
6979-ZNSFF,0.7369643946112112
8938-UMKPI,0.5353283734038737
1820-DJFPH,0.002199232018334837
0732-OCQOC,0.006316940787954541
6776-TLWOI,0.20254532296646757
4940-KHCWD,0.005560445866110918
9057-SIHCH,0.808795042635405
9866-QEVEE,0.6172375784698806
5542-TBBWB,0.6572664394481561
4587-VVTOX,0.7732051721831115
6322-HRPFA,0.024261167912882818
6284-AHOOQ,0.5565468856944842
4530-NDRKU,0.016858529273518025
1751-NCDLI,0.6005386320897138
3893-JRNFS,0.07555111653404352
5857-XRECV,0.08583738164155323
3115-CZMZD,0.09411579189251357
4489-SNOJF,0.08484022892059134
1051-GEJLJ,0.21522156779730606
3563-SVYLG,0.0026533846877928534
4301-VVZKA,0.6033076624106565
9351-HXDMR,0.06356988770078896
5161-XEUVX,0.10874257845708217
3088-FVYWK,0.004582921381509736
9812-GHVRI,0.38407947883705573
1370-GGAWX,0.2578816649261165
6023-YEBUP,0.7980393284687445
9940-RHLFB,0.5920873935290526
4541-RMRLG,0.1616733122925026
2606-RMDHZ,0.5095840927768396
5575-TPIZQ,0.31442013588113554
9378-FXTIZ,0.10825843256162042
4631-OACRM,0.6664908326244455
8593-WHYHV,0.7515464980106525
1403-GYAFU,0.00134233388787001
7641-TQFHN,0.11203016764812664
4237-CLSMM,0.2224787397786246
4360-PNRQB,0.5541652696393837
5334-AFQJB,0.003640994255129241
9308-ANMVE,0.05069303172309931
3530-VWVGU,0.07507267601559191
4674-HGNUA,0.00922382802132244
3030-YDNRM,0.6516627223445075
3642-BYHDO,0.001266568426375693
0440-UEDAI,0.1194367253747864
9819-FBNSV,0.40245535052410164
9289-LBQVU,0.037356062028017105
4468-YDOVK,0.2369174188792037
2001-EWBQU,0.11200644219638999
9992-UJOEL,0.42288710806411345
8409-WQJUX,0.17972609287560534
3077-RSNTJ,0.15864743147482802
6993-YCOBK,0.06435501914752763
4817-VYYWS,0.6229732832551582
4702-HDRKD,0.01861370009519453
3251-YMVWZ,0.01032647186068991
4190-MFLUW,0.17938216743194063
4678-DVQEO,0.3662385762236426
4701-AHWMW,0.13893152171662887
2987-BJXIK,0.01765373334936966
1730-VFMWO,0.08946523504184878
1936-UAFEH,0.03997533350675204
5140-FOMCQ,0.20230866745808643
8778-LMWTJ,0.4847309037996145
9840-DVNDC,0.6695684783214585
8033-VCZGH,0.24741303911658521
8580-QVLOC,0.012592763659327478
6128-AQBMT,0.36415090903660313
6257-RJOHI,0.33031357941737266
1929-ZCBHE,0.020393652435972666
6242-SGYTS,0.09373629784547167
7010-ZMVBF,0.092942544861394
3519-ZKXGG,0.7213233556442548
5666-MBJPT,0.0038850107924126133
3313-QKNKB,0.15371605687061035
7581-EBBOU,0.029980995555380342
1784-BXEFA,0.1997394330756512
7492-TAFJD,0.08349246667584112
5213-TWWJU,0.34267882520613874
3312-ZWLGF,0.4575452256565788
2923-ARZLG,0.23549151214661093
7032-LMBHI,0.06430217992195289
8292-ITGYJ,0.009027294550012917
9107-UKCKY,0.08960818991385527
6848-HJTXY,0.0023598588745621313
4184-VODJZ,0.14419982600513392
4846-WHAFZ,0.5080535671763691
8735-SDUFN,0.002804149977450305
0839-JTCUD,0.01105249945148651
6857-VWJDT,0.7722717404030257
7363-QTBIW,0.6809851145690026
6158-HDPXZ,0.5449811987416017
5419-CONWX,0.7751778210625285
9286-DOJGF,0.46341983007144527
2408-PSJVE,0.0734544258485775
2087-QAREY,0.2506252198613832
6777-TGHTM,0.2450585130543874
6507-ZJSUR,0.7020936596112962
5025-GOOKI,0.11439396999645682
6080-LNESI,0.006328945102539114
2236-HILPA,0.0020790753402831967
1386-ZIKUV,0.21337873776803407
3365-SAIGS,0.5573367192967279
6061-GWWAV,0.03656264752405081
9979-RGMZT,0.5493225971340129
8445-DNBAE,0.45265465325496695
6872-HXFNF,0.016864635224400047
1320-HTRDR,0.7041419901764275
3923-CSIHK,0.30935815106859266
2446-ZKVAF,0.2682976250248242
4640-UHDOS,0.30307533369419765
5457-COLHT,0.006285372797850547
2254-DLXRI,0.6962730034726745
5339-PXDVH,0.5763019407890468
2386-LAHRK,0.519228086928863
5062-CJJKH,0.07233503192976962
8930-XOTDP,0.2711645657044437
4779-ZGICK,0.006065597599067258
9534-NSXEM,0.045037363775253685
3716-BDVDB,0.6530003591153721
9842-EFSYY,0.5000635035057284
9122-UMROB,0.22158008513547883
1867-BDVFH,0.5854388616535744
5949-EBSQK,0.27459255416639256
4160-AMJTL,0.2040721390294629
8622-ZLFKO,0.7299482284436948
2990-IAJSV,0.010927341420382309
6064-ZATLR,0.023201543047851964
7409-KIUTL,0.6810938392130282
5505-OVWQW,0.05783813930247595
3948-KXDUF,0.004494898036859048
9814-AOUDH,0.003856249516177606
7398-LXGYX,0.2591881658386294
5266-PFRQK,0.00999678787034277
1568-BEKZM,0.01577427531375816
2692-PFYTJ,0.33854906758713016
2533-QVMSK,0.06254913724413104
5828-AVIPD,0.39398553853190327
2907-ILJBN,0.06677657377477698
5226-NOZFC,0.4898642285727923
7114-AEOZE,0.0026360004886865507
2202-CUYXZ,0.7083385862791541
3466-RITXD,0.4171586156458186
7278-CKDNC,0.5771930966893178
1956-YIFGE,0.3867023046692486
0422-UXFAP,0.3210553458655723
3733-UOCWF,0.10754487303522492
7191-ADRGF,0.056943830506891356
5709-LVOEQ,0.1926115975747612
6034-YMTOB,0.5412917335259303
6372-RFVNS,0.6659874594545212
9052-DHNKM,0.07223397705384671
5609-IMCGG,0.47993230637320555
2959-MJHIC,0.7070953945732164
1319-YLZJG,0.4279338229154747
7623-TRNQN,0.3027021051609349
0377-JBKKT,0.0934015336519797
1936-CZAKF,0.046741998070630925
5063-IUOKK,0.033430763192107825
8646-JCOMS,0.08167195990783895
0979-MOZQI,0.01563076427837511
1525-LNLOJ,0.016988677346299396
5759-RCVCB,0.5737305427047165
9968-FFVVH,0.010062492866628301
2266-FUBDZ,0.025142309357560625
4760-THGOT,0.35082367331787734
2307-FYNNL,0.08325517826781123
1143-NMNQJ,0.7656852586323403
1629-DQQVB,0.172204217638598
3766-EJLFL,0.04943878696903417
8457-XIGKN,0.11251401735339349
4981-FLTMF,0.02402844972922148
7606-BPHHN,0.00196430716778097
7005-CCBKV,0.6539090965921981
4648-YPBTM,0.023108301038810983
2325-ZUSFD,0.03870443608537054
1240-KNSEZ,0.27670342232062006
0430-IHCDJ,0.3570795163415239
7957-RYHQD,0.2637257921037417
6164-HAQTX,0.005491114748375102
0749-IRGQE,0.6219164343258492
1227-UDMZR,0.015973165600614157
5473-KHBPS,0.19350331023227593
5297-MDOIR,0.06975716620042448
8873-TMKGR,0.029321097250822024
6481-ESCNL,0.5620417775224293
0463-WZZKO,0.24354333803335187
1038-RQOST,0.08678953965375573
4937-QPZPO,0.23109665078367642
3604-WLABM,0.212038467807472
1360-XFJMR,0.1719991045686024
8717-VCTXJ,0.020733940873341253
5196-SGOAK,0.6423220927676497
8739-XNIKG,0.7378939144189421
2320-TZRRH,0.048992454468989734
5186-SAMNZ,0.697985471881533
5760-FXFVO,0.467331114297267
5380-WJKOV,0.5981005053530091
4703-MQYKT,0.02194428866268284
2001-MCUUW,0.10130878244091475
4947-DSMXK,0.5104581430402836
0076-LVEPS,0.10865972731050637
5566-SOEZD,0.14680007556121755
7408-OFWXJ,0.009155980003276713
1097-FSPVW,0.06379247249287012
4412-YLTKF,0.5566730823100527
0420-TXVSG,0.011025664340045066
7817-BOQPW,0.7131209337129403
0963-ZBDRN,0.46756392479459136
9685-WKZGT,0.6673589967565356
2139-FQHLM,0.4024892833629765
5825-XJOCM,0.029132535380183153
0004-TLHLJ,0.6197092801034232
7529-ZDFXI,0.3868912864132867
6848-YLDFR,0.03731670556250907
5820-PTRYM,0.029557298301447286
2984-RGEYA,0.0014120328800680552
6434-TTGJP,0.059579578848747546
9643-AVVWI,0.4707859637807775
3506-OVLKD,0.027487963931477847
4946-EDSEW,0.1611032026270558
2924-KHUVI,0.21167777481559844
2263-SFSQZ,0.007200159039955547
5281-BUZGT,0.4639984720979845
3717-FDJFU,0.04048676623520925
2239-CFOUJ,0.10342521914768298
8699-ASUFO,0.7407222548079018
1122-YJBCS,0.012284567028920182
0628-CNQRM,0.06246985482002804
1705-GUHPV,0.003618910764203915
4877-TSOFF,0.027360244517426857
7404-JLKQG,0.41048878509226416
0379-DJQHR,0.010877695758981586
8993-PHFWD,0.5166147868947254
3930-ZGWVE,0.21934909960435975
1965-DDBWU,0.5444658404349038
7572-KPVKK,0.08136847851710591
6854-EXGSF,0.2964330003821038
9483-GCPWE,0.06611148119970264
8053-WWDRO,0.17450408877510998
9473-CBZOP,0.07373763542455791
3985-HOYPM,0.03491892084887887
8378-LKJAF,0.5470656817598115
1310-QRITU,0.3436886124670879
3237-AJGEH,0.4549183292426209
6542-LWGXJ,0.534080318284656
6953-PBDIN,0.009777433220121604
6332-FBZRI,0.011217911140956403
9365-CSLBQ,0.0017544436924413274
3466-WAESX,0.24843229654436338
9700-ISPUP,0.27433502743116656
5167-ZFFMM,0.7348203825397781
7669-LCRSD,0.3772201299335422
0870-VEMYL,0.16644241256531772
2995-UPRYS,0.28876349125932954
3179-GBRWV,0.2607482657026659
0701-TJSEF,0.21377405521424667
1848-LBZHY,0.2898603356897237
5380-XPJNZ,0.019445256327918003
6608-QQLVK,0.4486874615597442
1475-VWVDO,0.5982920863188496
3721-CNEYS,0.6625793194995494
4299-OPXEJ,0.004392095348387235
0096-BXERS,0.41157440581111254
3055-VTCGS,0.026067899034169725
9405-GPBBG,0.09465284225247818
6704-UTUKK,0.4495124976616176
9944-AEXBM,0.511042718636568
2545-EBUPK,0.8071154006543491
6270-OMFIW,0.19196457694412714
1852-XEMDW,0.16108164652772908
8158-WPEZG,0.35661513672072515
5198-EFNBM,0.2028956110917542
7663-RGWBC,0.45754652218586783
3970-XGJDU,0.0032496545611645894
6845-RGTYS,0.3169901552596748
0123-CRBRT,0.013567754256415784
6077-BDPXA,0.6489457650646031
2250-IVBWA,0.07096013703766933
6137-NICCO,0.6739993233551959
8129-GMVGI,0.003161512538704248
4353-HYOJD,0.13619014963037054
8671-KKKOS,0.10794158867965592
8080-DDEMJ,0.4477834612362905
6698-OXETB,0.037589299504592014
3312-UUMZW,0.5955607698532123
6376-GAHQE,0.6118457265545518
0733-VUNUW,0.19192896828663347
6733-LRIZX,0.13727382374281674
2165-VOEGB,0.10911369224754479
1853-UDXBW,0.6182123785356782
9070-BCKQP,0.05867787358952221
1035-IPQPU,0.4711032106676907
2057-ZBLPD,0.6551170694201464
6967-PEJLL,0.04433673632916712
7879-CGSFV,0.16511004434329937
2257-BOVXD,0.36213542059942966
9822-BIIGN,0.04964806718487567
1136-XGEQU,0.06906001909677169
2439-LYPMQ,0.6360197613449073
6543-XRMYR,0.6828040976841743
5753-QQWPW,0.04599684463832283
4785-QRJHC,0.12830939977367598
0052-YNYOT,0.004299138637318458
7054-LGEQW,0.40357971698884165
0608-JDVEC,0.005088109693840499
6284-KMNUF,0.19649781201782976
6286-SUUWT,0.22015849359897383
3594-KADLU,0.316315959625039
0536-ACXIP,0.08782428136917861
8869-TORSS,0.022575361750472013
0373-AIVNJ,0.17420567309689275
6429-SHBCB,0.4140359239184417
5751-USDBL,0.018195110257231854
6815-ABQFQ,0.22724342594500796
9450-TRJUU,0.41104669946207
2805-AUFQN,0.017159279059410983
7855-DIWPO,0.477955788084969
0174-QRVVY,0.0018629085151841017
9507-EXLTT,0.7147280584487045
8390-FESFV,0.019920829614869833
0661-KBKPA,0.0642103114540775
6856-RAURS,0.7168833092623129
7322-OCWHC,0.02631737450444156
2203-GHNWN,0.5512746544375412
3413-CSSTH,0.14956430499409962
3006-XIMLN,0.7491430192964013
3750-CKVKH,0.6356387996981521
0576-WNXXC,0.6385014067564744
7056-IMHCC,0.565270920847857
0866-QLSIR,0.04802920711326449
1628-BIZYP,0.6906928935754358
2230-XTUWL,0.004679169864557015
1980-KXVPM,0.7512983866542385
8619-IJNDK,0.0024738208135934112
2960-NKRSO,0.3398869332947339
6705-LXORM,0.6395125027904022
7130-VTEWQ,0.7262542036374319
9364-YKUVW,0.15468973458700708
2761-OCIAX,0.6843127164024039
7996-BPXHY,0.044650146449733336
4248-QPAVC,0.5442259092254332
9357-UJRUN,0.07327830593597193
6340-DACFT,0.004138388548990563
1023-BQXZE,0.023244549557962874
5480-HPRRX,0.5876212605486926
9576-SYUHJ,0.39579694379592917
2169-RRLFW,0.0024930657517777915
8338-QIUNR,0.0050457158271986265
0463-TXOAK,0.004554197581329288
4396-KLSEH,0.23662359087681067
5186-EJEGL,0.2436378076140367
9334-GWGOW,0.7320906766576877
5696-JVVQY,0.01821274258268101
9633-DENPU,0.12287775241674126
0581-BXBUB,0.5971337680932355
2750-BJLSB,0.1416806961034427
2770-NSVDG,0.26939838762382423
8280-MQRQN,0.4682461360625984
7851-FLGGQ,0.5421267533670341
9374-YOLBJ,0.18880878778524146
6583-SZVGP,0.1846183091824593
2150-OEGBV,0.029954673260733977
9372-TXXPS,0.004429312027400536
6933-FHBZC,0.12063965057737673
4698-KVLLG,0.005817008226013898
8752-STIVR,0.6944202466093485
8623-ULFNQ,0.31529638252841413
9822-WMWVG,0.2809702385148322
4304-TSPVK,0.046286819995107996
1716-LSAMB,0.00689971305897253
3523-QRQLL,0.17516073250048197
2187-PKZAY,0.617967795608404
1895-QTKDO,0.3722161698542929
8161-QYMTT,0.7744139260815142
2955-PSXOE,0.2595262843374491
6834-NXDCA,0.4560987734299169
8701-DGLVH,0.004806535535598421
2480-SQIOB,0.3084605679913488
4993-JCRGJ,0.40979082337833034
0581-MDMPW,0.5844551276979261
7789-CRUVC,0.16228945714321494
0164-APGRB,0.060249288956405654
8034-RYTVV,0.1012708736840851
3018-TFTSU,0.3548054034731112
9777-IQHWP,0.03282884251309467
6899-PPEEA,0.6693483836129186
6701-YVNQG,0.013771142263170949
7649-PHJVR,0.07371470317403617
9278-VZKCD,0.4565135470304603
7636-PEPNS,0.024974272624523182
1575-KRZZE,0.23735532467702672
8590-OHDIW,0.016867011819082213
7764-BDPEE,0.1700803142025175
9480-BQJEI,0.09887055645888276
3354-OADJP,0.07600394858958497
3181-MIZBN,0.09356780000476198
9327-QSDED,0.3085676293164506
4892-VLANZ,0.21955124733143383
0298-XACET,0.01748172441645997
6917-FIJHC,0.003374133218622559
6557-BZXLQ,0.5094013874532702
2432-TFSMK,0.45146448048231763
4211-MMAZN,0.2213765992616267
4751-ERMAN,0.01675879880434863
8430-TWCBX,0.011408530093291049
1942-OQFRW,0.3736556384882051
4075-JFPGR,0.12432371989432114
3339-EAQNV,0.2201304163827868
5329-KRDTM,0.013788677977908781
0307-BCOPK,0.05919760364418671
6473-ULUHT,0.19491376293230298
1194-SPVSP,0.19793675269794025
7249-WBIYX,0.7156318535932572
2293-IJWPS,0.31159107360492516
4377-VDHYI,0.18276683012031722
0019-EFAEP,0.04817618066914069
2480-EJWYP,0.2824868011628456
8970-ANWXO,0.2080198273026265
8739-WWKDU,0.6273464767810898
2171-UDMFD,0.05489931848604117
7036-TYDEC,0.06120038557449955
3831-YCPUO,0.0324469031807844
0121-SNYRK,0.02883892366404555
3325-FUYCG,0.24723211605303408
1952-DVVSW,0.0856101936974001
3571-DPYUH,0.10672894720772848
2077-MPJQO,0.7373173304307942
2391-SOORI,0.20782600538717277
4086-ATNFV,0.04945072174393311
3396-DKDEL,0.051608411404895436
7471-MQPOS,0.025930119129883043
7181-OQCUT,0.5253584924246465
3489-VSFRD,0.015936839664741426
6283-GITPX,0.005627865567439124
2845-HSJCY,0.6284716959489918
7216-KAOID,0.012017377840181198
6680-WKXRZ,0.6117752347353227
2346-LOCWC,0.002691990101564836
0769-MURVM,0.00753579330603787
3374-LXDEV,0.40831933127022463
5318-YKDPV,0.023586375005373413
8190-ZTQFB,0.1825305419833818
4512-ZUIYL,0.5675379241847887
3090-QFUVD,0.2135044591145548
4806-KEXQR,0.6942252369688886
2369-FEVNO,0.27575965504887473
9637-CDTKZ,0.052122113563189146
2954-PIBKO,0.005016464778755282
2212-LYASK,0.17717922631809427
9481-SFCQY,0.3241817228392655
2828-SLQPF,0.25251327284486047
4647-MUZON,0.6767022649673632
8212-DJRCH,0.5446676436266797
0516-OOHAR,0.26429366348771577
4973-RLZVI,0.04424612334130419
8089-UZWLX,0.12198439532527545
9732-KPKBW,0.2440140547276612
9715-WZCLW,0.0557993868920518
0257-KXZGU,0.1434012146339242
0707-HOVVN,0.017630475201450016
5501-TVMGM,0.5212845117758161
3422-LYEPQ,0.6237674762770156
2277-VWCNI,0.48511902887812175
5461-QKNTN,0.40160152054291903
3967-KXAPS,0.012551526869962918
6919-ELBGL,0.05484278001264038
8361-LTMKD,0.7612600372220567
1131-ALZWV,0.046183194249877914
5178-LMXOP,0.8550499737322808
8992-CEUEN,0.21489275038932484
3320-VEOYC,0.7873889027719021
3672-YITQD,0.57711038867259
6080-TCMYC,0.3527213148013786
6734-FQAJX,0.05693734900687911
1063-DHQJF,0.0360444822331713
3976-NLDEZ,0.22280380906787783
1729-VLAZJ,0.09920769532567593
3400-ESFUW,0.0037591509838062996
5271-YNWVR,0.049659010572207396
1587-FKLZB,0.41097586415132537
0958-YHXGP,0.6240809169950315
1494-EJZDW,0.034640510695826396
1816-FLZDK,0.4272481274292699
2075-PUEPR,0.0028486554748725734
1833-TCXKK,0.5400344368238963
1436-ZMJAN,0.4930941918164035
0106-UGRDO,0.07086546085122485
1069-XAIEM,0.8150758751048395
4213-HKBJO,0.015471423239152775
8345-MVDYC,0.0198420646449536
2672-OJQZP,0.3967812352227054
5136-RGMZO,0.20310847451346853
5774-QPLTF,0.011606127314468721
5240-CAOYT,0.10862845699010228
3707-GNWHM,0.7143353895844589
5159-YFPKQ,0.6573217791776239
5052-PNLOS,0.7594508428585507
6173-GOLSU,0.408813114697066
6661-HBGWL,0.5877522031946234
8207-VVMYB,0.00357009212869321
5324-KTGCG,0.003737096901382027
7354-OIJLX,0.6538499765043422
9286-BHDQG,0.0029150808288612453
3567-PQTSO,0.25991126466809406
3197-ARFOY,0.505596019553317
5698-BQJOH,0.7123407673347089
1090-ESELR,0.021949928066166913
0056-EPFBG,0.0439001903731528
4955-VCWBI,0.01282556034566405
4717-GHADL,0.04382314518158867
0058-EVZWM,0.26521019397737783
7218-HKQFK,0.6796905671346803
5057-RKGLH,0.03649903306789643
2309-OSFEU,0.5675573367270343
3429-IFLEM,0.00558573893411065
1550-LOAHA,0.36085630543627606
1400-MMYXY,0.8315961230619685
7503-QQRVF,0.5667332253559191
7504-UWHNB,0.36258349313018784
9565-JSNFM,0.1723260598984099
4735-BJKOU,0.008735116425934166
3580-GICBM,0.004392900518855852
7632-YUTXB,0.032880677602730404
9412-ARGBX,0.06303395946581487
9576-ANLXO,0.6280138939163239
1110-KYLGQ,0.23286944419752753
8696-JKZNU,0.4883434302842236
8757-TFHHJ,0.33003434065311066
2955-BJZHG,0.4797942741368565
9048-JVYVF,0.4503047640028223
0682-USIXD,0.4853179032506739
3884-UEBXB,0.005162842268767075
1776-SPBWV,0.0245082518661946
9050-QLROH,0.6373560894017615
2925-VDZHY,0.008577893552722517
9512-UIBFX,0.5598243641334658
8676-TRMJS,0.6356942214538204
3334-CTHOL,0.4992517164793824
6331-LWDTQ,0.5685074299005909
3847-BAERP,0.20386670025865875
4709-LKHYG,0.025280296757508904
8621-MNIHH,0.5928125241632841
8884-ADFVN,0.834699597392984
2885-HIJDH,0.010883100938325212
8570-KLJYJ,0.052683087314369464
9339-FIIJL,0.01573729200018784
6223-DHJGV,0.022817638120143285
0959-WHOKV,0.20310753819830912
9610-WCESF,0.006936155850273871
9279-CJEOJ,0.7445413395467275
2985-FMWYF,0.6911707639792325
3540-RZJYU,0.43655440756370073
2522-WLNSF,0.07738498716665496
6861-XWTWQ,0.824336101107323
8735-NBLWT,0.1291224681902285
1744-JHKYS,0.06462975699759482
0841-NULXI,0.671485815830236
4016-BJKTZ,0.17800713793449569
9298-WGMRW,0.05696294238331831
7893-IXHRQ,0.21533644216079584
8785-CJSHH,0.42320128066682894
7654-YWJUF,0.07654162781592506
8909-BOLNL,0.1113786996371637
9919-FZDED,0.025879506210105662
0322-CHQRU,0.3705173057411351
3587-PMCOY,0.42394151969681315
0655-RBDUG,0.750410667208849
0983-TATYJ,0.07204637868168347
5650-YLIBA,0.45004961815374406
5144-TVGLP,0.5716333178795647
3569-EDBPQ,0.3109155011022161
4945-RVMTE,0.2458780084484956
3511-BFTJW,0.003913456007164747
5537-UXXVS,0.09046670010751608
8782-NUUOL,0.024969163269090034
2865-TCHJW,0.7907251554379999
9931-KGHOA,0.06805895029338821
3071-MVJCD,0.005605335253927016
7279-BUYWN,0.5537354993877777
3756-VNWDH,0.2290532600244891
1395-OFUWC,0.08960629116227284
4223-BKEOR,0.08310793034369278
0040-HALCW,0.003168800326660181
7124-UGSUR,0.3150468067881182
7395-XWZOY,0.2329718627287759
5440-VHLUL,0.14396593789573056
4706-DGAHW,0.44836716582519015
8166-ORCHU,0.17828349808946292
3978-YNKDD,0.01887963413599547
7198-GLXTC,0.6347817218420716
6366-XIVKZ,0.26360857470204085
5133-POWUA,0.4672272425073663
8400-WZICQ,0.030944727495020887
5382-SOYZL,0.692370621788525
1989-PRJHP,0.5667008074227303
4154-AQUGT,0.5534578747691833
0980-FEXWF,0.07821656271662263
5845-BZZIB,0.009062612344876576
4840-ORQXB,0.44240705583638185
0295-PPHDO,0.8079622777630033
8775-ERLNB,0.7152704722567534
0376-YMCJC,0.4961961398062666
7410-YTJIK,0.6109614061163342
9927-DSWDF,0.399734367774369
6681-ZSEXG,0.016521403581347977
5702-KVQRD,0.012977317394408452
8711-LOBKY,0.002620860532810391
9692-TUSXH,0.5680154453324621
4012-YCFAI,0.007339837466319109
8455-HIRAQ,0.32334908686292557
7853-WNZSY,0.25844275983758946
0390-DCFDQ,0.7484372151243947
6421-SZVEM,0.18795434614937334
3094-JOJAI,0.5021112060154955
4873-ILOLJ,0.6191698869720381
8181-YHCMF,0.013635324941684544
3324-OIRTO,0.08328278177883815
9135-HSWOC,0.002380160331862351
2272-WUSPA,0.080648956073505
4627-MIHJH,0.05711222607215515
3896-RCYYE,0.086351616353642
6729-GDNGC,0.5519341217963675
9945-PSVIP,0.02010239451551884
4137-JOPHL,0.06377685162528868
2720-FVBQP,0.4058629978514065
7854-EKTJL,0.21962043188317504
1133-KXCGE,0.0554995070705709
6048-QBXKL,0.548843653177303
6338-AVWCY,0.6510085038510213
0013-MHZWF,0.3366940113030408
9804-ICWBG,0.6572664394481561
2368-GAKKQ,0.05176071112031641
4829-AUOAX,0.436147145297169
7876-BEUTG,0.3725505028898114
6349-JDHQP,0.004034602415663171
3063-QFSZL,0.5315148442690083
9142-XMYJH,0.0580790803134209
2609-IAICY,0.7271095691139774
8626-PTQGE,0.012410040259245213
0230-UBYPQ,0.015099936051717763
6814-ZPWFQ,0.015441038937165983
5921-NGYRH,0.11548003594224343
7803-XOCCZ,0.09504300870730116
1459-QNFQT,0.00790684195876935
3948-FVVRP,0.17606651767429282
0923-PNFUB,0.6066001756126312
4654-ULTTN,0.010415869501907688
5628-FCGYG,0.6135053376005598
0506-LVNGN,0.6823719573296001
4329-YPDDQ,0.3792413910449111
9866-OCCKE,0.08613357219980135
0794-YVSGE,0.0011658742967112581
4342-HENTK,0.7211307274035843
5934-TSSAU,0.41449147699134864
9986-BONCE,0.18439820561551346
5301-GAUUY,0.40726459324644904
0725-CXOTM,0.1118963858853179
2843-CQMEG,0.21818295079480232
5600-PDUJF,0.28779120772071354
4500-HKANN,0.03521097473424652
1862-QRWPE,0.0044478505068921885
2155-AMQRX,0.174469363655415
0823-HSCDJ,0.24350093449285484
4090-KPJIP,0.7009611642346198
2737-YNGYW,0.6564836386967714
5619-XZZKR,0.10345916777759537
6047-YHPVI,0.6191405156796999
8375-DKEBR,0.7236269235072833
7729-XBTWX,0.0024592378273784877
4983-CLMLV,0.34748565165153467
9227-LUNBG,0.5393522520748343
2758-RNWXS,0.14250078825345686
7055-HNEOJ,0.34889587704457165
7134-MJPDY,0.21001644839392966
4560-WQAQW,0.019579956633889943
8532-UEFWH,0.0053242681756789974
8541-QVFKM,0.6569830807176719
7129-ACFOG,0.3591853293229516
2495-INZWQ,0.6936303563112368
0263-FJTQO,0.015854803712909447
0181-RITDD,0.03233795336592981
8241-JUIQO,0.005440959605342402
0913-XWSCN,0.23679230070582427
2159-TURXX,0.1739176302410021
6461-PPAXN,0.02945672628808845
1452-KIOVK,0.5134316279907095
1139-WUOAH,0.023495983327449236
3207-OYBWH,0.39753827546284165
8347-GDTMP,0.0023716409075134923
9909-DFRJA,0.17748942373419976
6383-ZTSIW,0.2427127639086661
5438-QMDDL,0.3459919893569154
8914-RBTSB,0.4634631501004701
6164-HXUGH,0.15934203862370935
6900-RBKER,0.11503497294061606
1492-QGCLU,0.07481873820561148
6664-FPDAC,0.2908190201457365
1088-AUUZZ,0.01265690514089305
6651-AZVTJ,0.45698067605420006
8219-VYBVI,0.00941538417430869
0310-MVLET,0.3514503936102426
7233-IOQNP,0.05710412177833349
7311-MQJCH,0.0977308725958106
9256-JTBNZ,0.13441661200739782
8713-IGZSO,0.25422936445432864
6821-BUXUX,0.5690224943450275
9114-DPSIA,0.005619289010656043
4501-UYKBC,0.08954374484536441
2798-NYLMZ,0.053685071975113005
6711-VTNRE,0.325759224377111
5966-EMAZU,0.134788852617884
3627-FHKBK,0.4930036661659821
7861-UVUFT,0.6272328762043466
9824-QCJPK,0.0222949426573026
7816-VGHTO,0.0954576049600681
3794-NFNCH,0.20079457902482536
3877-JRJIP,0.5755690138402708
5228-EXCET,0.6267903399065663
6248-BSHKG,0.004966867323345372
8915-NNTRC,0.03946004595468161
3470-OBUET,0.005853488092556397
3229-USWAR,0.07407836502306418
1927-QEWMY,0.0016552928803504525
6374-AFWOX,0.009511133154673746
7912-SYRQT,0.65413146414608
2070-FNEXE,0.4821176500997799
5803-NQJZO,0.004958564470801928
5651-YLPRD,0.41417162849112893
1271-UODNO,0.028714574517383504
5014-WUQMG,0.1202303215855643
5889-JTMUL,0.48564796303740676
0788-DXBFY,0.007233871090151429
2669-QVCRG,0.27502810034326314
6630-UJZMY,0.8002457233880484
5061-PBXFW,0.047821843887896086
2700-LUEVA,0.20902626079766848
3865-ZFZIB,0.024389970843314988
0471-ARVMX,0.23957658724351005
8985-OOPOS,0.233411896374991
0719-SYFRB,0.20726132838129516
0447-BEMNG,0.13144411046657378
5630-AHZIL,0.22908321448190816
2190-BCXEC,0.28934583617321424
1559-DTODC,0.36131942973539255
3244-DCJWY,0.6674987390402185
3967-VQOGC,0.0033764002855078737
0265-PSUAE,0.43408789627593786
1622-HSHSF,0.28163663241719805
9867-XOBQA,0.04028711522883699
6773-LQTVT,0.29881160827892495
4332-MUOEZ,0.16818688171836427
0023-XUOPT,0.6029876084286552
6543-CPZMK,0.4337861739318037
6418-HNFED,0.019008996638146022
1036-GUDCL,0.04639954003092282
4818-QIUFN,0.5094644932713619
0778-NELLA,0.5630929560862645
7495-OOKFY,0.7069322789454568
4737-HOBAX,0.02188209383199635
7919-ZODZZ,0.22752193000874907
2988-PLAHS,0.38853249124190414
9067-SQTNS,0.010761925906259153
6483-OATDN,0.24117975375342807
5469-CTCWN,0.16065339005345067
3524-WQDSG,0.48094866580277856
6968-URWQU,0.09225701594767782
8601-QACRS,0.4913111032358883
8690-UPCZI,0.04762591419347786
5331-RGMTT,0.529487698369102
1357-BIJKI,0.29627173705299137
2088-IEBAU,0.016603817246662846
0679-IDSTG,0.6862691602319226
6519-ZHPXP,0.028834599571332647
2101-RANCD,0.25589076797225296
4029-HPFVY,0.6526144529389343
1015-OWJKI,0.2165330900183688
8314-HTWVE,0.03983942972557896
5357-TZHPP,0.752501641635615
8727-XDPUD,0.05622694945147662
9073-ZZIAY,0.009169429195675911
5181-OABFK,0.009356158337600323
3812-LRZIR,0.018349335641291802
5204-HMGYF,0.045627210643098985
9950-MTGYX,0.01604970791164865
3675-EQOZA,0.16978040915584564
3646-ITDGM,0.0032405430929487796
3913-FCUUW,0.004804180807663516
